Website,Detection,Real,Score
http://ethereum.org,Legitimate,Legitimate,93.7
http://pankekeswop-crypto.com,Suspicious,Suspicious,94.7
http://blocktones.claims,Suspicious,Suspicious,93.3
http://originprotocol.com,Legitimate,Legitimate,93.9
http://1inch.exchange,Legitimate,Legitimate,96.9
http://espcoin-promogive.com,Suspicious,Suspicious,95.2
http://qx.app,Suspicious,Suspicious,93.5
http://multis.co,Legitimate,Legitimate,94.6
http://idex.market,Legitimate,Legitimate,94.6
http://mycrypto.com,Legitimate,Legitimate,95.7
http://walletconnect.com,Legitimate,Legitimate,95.3
http://xn--bitfnex-2ya.com,Suspicious,Suspicious,93.8
http://workers.dev,Legitimate,Legitimate,96.7
http://pancakeswap.com,Legitimate,Legitimate,95.8
http://digifinex.com,Legitimate,Legitimate,95.2
http://okex.com,Legitimate,Legitimate,94.3
http://metamask.ru,Suspicious,Suspicious,96.3
http://katana.roninchain.com,Legitimate,Legitimate,94.3
http://eth.link,Legitimate,Legitimate,94.3
http://animusnft-claim.com,Suspicious,Suspicious,94.5
http://metamask.support,Suspicious,Suspicious,96.9
http://bitcoin.co.th,Legitimate,Legitimate,95.7
http://pancakeswap.bot,Suspicious,Suspicious,93.7
http://airswap.io,Legitimate,Legitimate,94.6
http://lordsocietynfts.net,Suspicious,Suspicious,93.5
http://pancakeswap.finance,Legitimate,Legitimate,94.2
http://1in.ch,Legitimate,Legitimate,93.9
http://mstable.org,Legitimate,Legitimate,96.9
http://imtoken-safe.com,Suspicious,Suspicious,96.3
http://bscscan-accounts.us,Suspicious,Suspicious,94.3
http://gmail.com,Legitimate,Legitimate,96.7
http://bancor.network,Legitimate,Legitimate,95.9
http://foundatin.app,Suspicious,Suspicious,94.8
http://badger.finance,Legitimate,Legitimate,93.9
http://defitoolsextension.com,Suspicious,Suspicious,95.3
http://www.okpoverty.com,Suspicious,Suspicious,93.5
http://numer.ai,Legitimate,Legitimate,93.6
http://binance.com,Legitimate,Legitimate,95.7
http://ethereum-concept.com,Suspicious,Suspicious,94.9
http://yamsdev.com,Suspicious,Suspicious,95.6
http://www.everdomee-io.xyz,Suspicious,Suspicious,96.9
http://decentral.ca,Legitimate,Legitimate,93.9
http://eternalvikings.co,Suspicious,Suspicious,93.9
http://pancokswaps-investapi.com,Suspicious,Suspicious,93.7
http://cryptosfxearner.com,Suspicious,Suspicious,95.2
http://defipulse.com,Legitimate,Legitimate,95.8
http://unipig.exchange,Legitimate,Legitimate,94.9
http://tronlinckcs-wallet.com,Suspicious,Suspicious,95.7
http://myetzherwallet.com,Suspicious,Suspicious,94.9
http://curve.fi,Legitimate,Legitimate,94.9
http://upbit.com,Legitimate,Legitimate,93.5
http://trustwallet.com,Legitimate,Legitimate,95.8
http://dharma.io,Legitimate,Legitimate,96.1
http://polkadot.network,Legitimate,Legitimate,96.3
http://poloniex.com,Legitimate,Legitimate,93.8
http://oncybber.xyz,Suspicious,Suspicious,94.3
http://sushiswap.org,Legitimate,Legitimate,96.6
http://karura.info,Legitimate,Legitimate,94.8
http://1inch.io,Legitimate,Legitimate,95.8
http://jaxx.io,Legitimate,Legitimate,95.7
http://facebook.com,Legitimate,Legitimate,95.1
http://xn--womenapyachtclub-gn1i.com,Suspicious,Suspicious,96.7
http://verifiedmetanow.com,Suspicious,Suspicious,94.8
http://bitmex.com,Legitimate,Legitimate,96.2
http://netlifyglobalcdn.com,Legitimate,Legitimate,95.5
http://kyberswap.com,Legitimate,Legitimate,95.2
http://gnosis.pm,Legitimate,Legitimate,96.6
http://myalgo.com,Legitimate,Legitimate,95.6
http://consensys.net,Legitimate,Legitimate,94.6
http://uniswap.io,Legitimate,Legitimate,95.6
http://myetherwallet.app,Suspicious,Suspicious,93.9
http://airdrop.binance-ftx.net,Suspicious,Suspicious,95.2
http://usdt-tethereum.com,Suspicious,Suspicious,93.7
http://reddit.com,Legitimate,Legitimate,95.7
http://unisocks.exchange,Legitimate,Legitimate,96.3
http://google.com,Legitimate,Legitimate,95.1
http://liquid.com,Legitimate,Legitimate,93.8
http://nexo.io,Legitimate,Legitimate,93.8
http://polkadotdrop.com,Suspicious,Suspicious,94.8
http://skymavis.com,Legitimate,Legitimate,94.1
http://ygov.finance,Legitimate,Legitimate,96.8
http://trubi.io,Legitimate,Legitimate,93.7
http://pancakeswap.cz,Legitimate,Legitimate,93.2
http://luno.com,Legitimate,Legitimate,94.1
http://hitbtc.com,Legitimate,Legitimate,93.7
http://drjicclub.xyz,Suspicious,Suspicious,96.7
http://stakedao.org,Legitimate,Legitimate,95.3
http://github.io,Legitimate,Legitimate,94.9
http://localethereum.com,Legitimate,Legitimate,96.7
http://idax.pro,Legitimate,Legitimate,95.1
http://suite.trezorv2.org,Suspicious,Suspicious,94.5
http://dapp.accessactivationbot.org,Suspicious,Suspicious,93.9
http://balancer.exchange,Legitimate,Legitimate,95.9
http://chainlink.com,Legitimate,Legitimate,93.5
http://kusama.network,Legitimate,Legitimate,95.9
http://www.boredapezyachtclub.xyz,Suspicious,Suspicious,94.9
http://bisq.network,Legitimate,Legitimate,94.2
http://cliffordchancelwallp.com,Suspicious,Suspicious,95.1
http://ftx.com,Legitimate,Legitimate,93.9
http://valr.com,Legitimate,Legitimate,94.8
http://pancokeswaps-invest.com,Suspicious,Suspicious,95.7
http://dether.io,Legitimate,Legitimate,93.1
http://usdt-ai.net,Suspicious,Suspicious,96.9
http://phishfort.com,Legitimate,Legitimate,93.2
http://web3.foundation,Legitimate,Legitimate,96.9
http://spo0kyswap.finance,Suspicious,Suspicious,93.1
http://ethpool.org,Legitimate,Legitimate,95.3
http://camelneedlesnft.com,Suspicious,Suspicious,95.1
http://uniswap.exchange,Legitimate,Legitimate,96.7
http://ripple.com,Legitimate,Legitimate,93.2
http://1rst-birthday.info,Suspicious,Suspicious,95.8
http://compound.finance,Legitimate,Legitimate,96.5
http://metamask.agency,Suspicious,Suspicious,94.6
http://cryptokitties.co,Legitimate,Legitimate,94.3
http://www.uniqrcgen.com,Suspicious,Suspicious,93.9
http://smartcoiresolution.com,Suspicious,Suspicious,95.6
http://binance.vision,Legitimate,Legitimate,95.1
http://syncwalletconnect.cloud,Suspicious,Suspicious,93.6
http://www.beartri.site,Suspicious,Suspicious,93.2
http://yam.finance,Legitimate,Legitimate,93.7
http://gwwkz-myaaa-aaaad-qef5a-cai.raw.ic0.app,Suspicious,Suspicious,95.5
http://topdogclub.site,Suspicious,Suspicious,93.8
http://uniswap.org,Legitimate,Legitimate,96.8
http://roninwallet.help,Suspicious,Suspicious,94.9
http://ambrusairdop.studio,Suspicious,Suspicious,96.8
http://azukiskateboard.com,Suspicious,Suspicious,96.1
http://exodus.io,Legitimate,Legitimate,96.1
http://sybil.org,Legitimate,Legitimate,95.7
http://degentrilogy.com,Legitimate,Legitimate,96.2
http://axieinfinity.com,Legitimate,Legitimate,93.5
http://www.boredapeyachtclub.rewardlive.xyz,Suspicious,Suspicious,94.5
http://district0x.io,Legitimate,Legitimate,95.1
http://parity.io,Legitimate,Legitimate,93.5
http://sushiswapclassic.org,Legitimate,Legitimate,95.5
http://pancakeswap.info,Legitimate,Legitimate,93.1
http://pancakaswap.click,Suspicious,Suspicious,96.6
http://uniswap.info,Legitimate,Legitimate,93.2
http://www.smartbeastnft.io,Suspicious,Suspicious,96.6
http://loginopensea.io,Suspicious,Suspicious,94.1
http://ftx-ey.com,Suspicious,Suspicious,94.6
http://moonsttrikenft.xyz,Suspicious,Suspicious,96.7
http://metamask.io,Legitimate,Legitimate,95.7
http://0n1foorce.xyz,Suspicious,Suspicious,93.7
http://dappsupporttool.com,Suspicious,Suspicious,94.2
http://ledger.com,Legitimate,Legitimate,96.1
http://nexusmutual.io,Legitimate,Legitimate,96.2
http://looksrare.org,Legitimate,Legitimate,93.6
http://dhealth-promogive.com,Suspicious,Suspicious,94.6
http://synthetix.exchange,Legitimate,Legitimate,94.6
http://pancokswaps-financetrade.com,Suspicious,Suspicious,93.3
http://dfinity.org,Legitimate,Legitimate,93.2
http://cex.io,Legitimate,Legitimate,95.2
http://webaverse.world,Suspicious,Suspicious,93.1
http://ampleforth.org,Legitimate,Legitimate,93.1
http://changenow.io,Legitimate,Legitimate,93.1
http://metasmaksupport.com,Suspicious,Suspicious,94.3
http://solanahackerhouse.com,Legitimate,Legitimate,94.2
http://exodus.com,Legitimate,Legitimate,95.9
http://www.poocolnapp.click,Suspicious,Suspicious,94.8
http://polkadot.com,Legitimate,Legitimate,94.6
http://makerdao.com,Legitimate,Legitimate,95.5
http://thehashmasks.com,Legitimate,Legitimate,95.7
http://systematicprotocol.com,Suspicious,Suspicious,96.3
http://walletconnect.org,Legitimate,Legitimate,94.8
http://shapeshift.com,Legitimate,Legitimate,93.5
http://github.com,Legitimate,Legitimate,96.9
http://coindesk.com,Legitimate,Legitimate,95.8
http://bolha.com,Legitimate,Legitimate,93.7
http://ponkecsecwoap-market.com,Suspicious,Suspicious,96.6
http://xn--pensea-9wa.app,Suspicious,Suspicious,96.7
http://etherealsummit.com,Legitimate,Legitimate,96.1
http://bittrex.com,Legitimate,Legitimate,94.7
http://www.tipmeacoffeee.xyz,Suspicious,Suspicious,96.2
http://switch.ag,Legitimate,Legitimate,94.3
http://dappbuilder.live,Suspicious,Suspicious,96.8
http://myetherwallet.com,Legitimate,Legitimate,94.5
http://golem.network,Legitimate,Legitimate,96.5
http://exodus.netlify.com,Legitimate,Legitimate,95.1
http://ftxreferralcode.net,Suspicious,Suspicious,96.9
http://duneanalytics.com,Legitimate,Legitimate,93.3
http://algoexplorer.io,Legitimate,Legitimate,93.5
http://localcryptos.com,Legitimate,Legitimate,96.7
http://defiiswap.com,Suspicious,Suspicious,93.9
http://matic.network,Legitimate,Legitimate,95.8
http://ethglobal.co,Legitimate,Legitimate,95.7
http://thedailymoneytips.com,Suspicious,Suspicious,95.7
http://dappintegrate.com,Suspicious,Suspicious,93.3
http://connectcoinswallets.com,Suspicious,Suspicious,94.3
http://medium.com,Legitimate,Legitimate,96.2
http://oasis.app,Legitimate,Legitimate,95.2
http://kattana.io,Legitimate,Legitimate,94.9
http://bitso.com,Legitimate,Legitimate,93.1
http://binance.charity,Legitimate,Legitimate,96.5
http://probabblynothing.xyz,Suspicious,Suspicious,96.2
http://tokenlists.org,Legitimate,Legitimate,95.2
http://www.azukicolorpencil.xyz,Suspicious,Suspicious,95.7
http://paypal.com,Legitimate,Legitimate,96.2
http://aave-usdt.top,Suspicious,Suspicious,94.5
http://aave.com,Legitimate,Legitimate,95.2
http://dex.ag,Legitimate,Legitimate,96.9
http://chumbivalleey.xyz,Suspicious,Suspicious,96.9
http://pancakeswap.ai,Legitimate,Legitimate,95.1
http://5050nft.io,Suspicious,Suspicious,95.7
http://seaclaim.co,Suspicious,Suspicious,95.2
http://yellowcard.io,Legitimate,Legitimate,96.9
http://authlogin-coinbaseinfo.com,Suspicious,Suspicious,93.7
http://mooniswap.exchange,Legitimate,Legitimate,96.3
http://httospolkadot.js.org,Suspicious,Suspicious,94.8
http://bi-investments.com,Suspicious,Suspicious,95.8
http://shapeshift.io,Legitimate,Legitimate,93.5
http://polkastarlarcomprojects.live,Suspicious,Suspicious,93.5
http://gremlins-promogive.com,Suspicious,Suspicious,95.2
http://teknob.my.id,Suspicious,Suspicious,93.2
http://coinmigration-sfund.live,Suspicious,Suspicious,95.2
http://thewallet-sync.com,Suspicious,Suspicious,96.2
http://posers-nfft.xyz,Suspicious,Suspicious,96.7
http://misphits-nft.xyz,Suspicious,Suspicious,94.2
http://next-metapad.org,Suspicious,Suspicious,93.1
http://wincoin.win,Suspicious,Suspicious,95.5
http://acala.network,Legitimate,Legitimate,94.2
http://yearn.finance,Legitimate,Legitimate,96.6
http://ponkecsecwoap-change.com,Suspicious,Suspicious,94.8
,,,
http://myelherwallel.com,Suspicious,Suspicious,93.6
http://coindash.ru,Suspicious,Suspicious,96.2
http://coin-wallet.info,Suspicious,Suspicious,93.3
http://mvetherwallet.com,Suspicious,Suspicious,94.9
http://myethewallet.net,Suspicious,Suspicious,95.1
http://myethwallet.net,Suspicious,Suspicious,96.3
http://myethervvallet.com,Suspicious,Suspicious,94.1
http://ethereum-wallet.net,Suspicious,Suspicious,96.9
http://www.ethereum-wallet.info,Suspicious,Suspicious,93.1
http://www.ether-wallet.net,Suspicious,Suspicious,94.5
http://myetherwallet.cc,Suspicious,Suspicious,95.7
http://myetcwallet.com,Suspicious,Suspicious,96.8
http://myetherwa.llet.com,Suspicious,Suspicious,93.8
http://ethereumchamber.com,Suspicious,Suspicious,93.8
http://myetherwallet.co,Suspicious,Suspicious,94.6
http://myetherwallet.info,Suspicious,Suspicious,94.5
http://myetherwallet.nl,Suspicious,Suspicious,94.8
http://ubiqcoin.org,Suspicious,Suspicious,95.8
http://etherwallet.co.za,Suspicious,Suspicious,94.2
http://myet.herwallet.com,Suspicious,Suspicious,95.5
http://myetherewallet.com,Suspicious,Suspicious,93.3
http://myetherwailet.com,Suspicious,Suspicious,95.6
http://myethrwallet.com,Suspicious,Suspicious,93.3
http://myetherwalle.com,Suspicious,Suspicious,95.9
http://myetherwallets.com,Suspicious,Suspicious,94.1
http://myethewallet.com,Suspicious,Suspicious,93.8
http://myetherwallte.com,Suspicious,Suspicious,96.5
http://myetherwallt.com,Suspicious,Suspicious,95.9
http://myetherwllet.com,Suspicious,Suspicious,93.6
http://myetherwellet.com,Suspicious,Suspicious,95.8
http://myeherwallet.com,Suspicious,Suspicious,96.2
http://myetherw.allet.com,Suspicious,Suspicious,95.5
http://myetherwallat.com,Suspicious,Suspicious,93.5
http://metherwallet.com,Suspicious,Suspicious,95.5
http://myetherwaliet.com,Suspicious,Suspicious,96.8
http://myetehrwallet.com,Suspicious,Suspicious,95.9
http://myeterwallet.com,Suspicious,Suspicious,95.3
http://myitherwallet.com,Suspicious,Suspicious,95.1
http://msetherwallet.com,Suspicious,Suspicious,94.5
http://mxetherwallet.com,Suspicious,Suspicious,94.6
http://mxyetherwallet.com,Suspicious,Suspicious,93.1
http://myatherwallet.com,Suspicious,Suspicious,94.9
http://myehterwallet.com,Suspicious,Suspicious,93.1
http://myetharwallet.com,Suspicious,Suspicious,93.7
http://myethervallet.com,Suspicious,Suspicious,96.8
http://myetherwalletb.com,Suspicious,Suspicious,93.7
http://myetherwalletp.com,Suspicious,Suspicious,96.1
http://myetherwallez.com,Suspicious,Suspicious,95.7
http://myetherwallezt.com,Suspicious,Suspicious,96.9
http://myetherwayllet.com,Suspicious,Suspicious,93.3
http://myetherwyllet.com,Suspicious,Suspicious,94.3
http://myetzherwallet.com,Suspicious,Suspicious,95.2
http://rnyetherwallet.com,Suspicious,Suspicious,94.5
http://myetherwallet.app,Suspicious,Suspicious,94.3
http://myetherwallet.at,Suspicious,Suspicious,96.9
http://myetherwallet.cm,Suspicious,Suspicious,94.7
http://myetherwallet.de,Suspicious,Suspicious,95.2
http://myetherwallet.es,Suspicious,Suspicious,96.7
http://myetherwallet.eu,Suspicious,Suspicious,96.8
http://myetherwallet.icu,Suspicious,Suspicious,96.6
http://myetherwallet.live,Suspicious,Suspicious,95.2
http://myetherwallet.ru,Suspicious,Suspicious,96.7
http://myetherwallet.xn--fiqz9s,Suspicious,Suspicious,95.7
http://myetherwallet.xn--node,Suspicious,Suspicious,96.9
http://myetherweb.com.de,Suspicious,Suspicious,93.1
http://wwwmyetherwallet.com,Suspicious,Suspicious,94.5
http://ziber.io,Suspicious,Suspicious,96.1
http://myethcrwallet.com,Suspicious,Suspicious,94.7
http://omisego.net,Suspicious,Suspicious,96.6
http://substratum.io,Suspicious,Suspicious,96.2
http://www.myehterwallet.co,Suspicious,Suspicious,96.1
http://bllttrex.com,Suspicious,Suspicious,96.5
http://shapeshift.pro,Suspicious,Suspicious,96.9
http://www.golem-network.com,Suspicious,Suspicious,95.6
http://herotoken.co,Suspicious,Suspicious,93.1
http://linknetwork.co,Suspicious,Suspicious,95.5
http://myethereumwallet.uk,Suspicious,Suspicious,94.5
http://chainlink.tech,Suspicious,Suspicious,96.2
http://change-bank.org,Suspicious,Suspicious,95.1
http://0xtoken.io,Suspicious,Suspicious,95.3
http://icon.community,Suspicious,Suspicious,93.1
http://smartcontract.live,Suspicious,Suspicious,93.2
http://centra.vip,Suspicious,Suspicious,95.8
http://iconn.foundation,Suspicious,Suspicious,94.8
http://bitfinex.com.co,Suspicious,Suspicious,93.3
http://omisegotoken.com,Suspicious,Suspicious,94.9
http://myetherwallets.co,Suspicious,Suspicious,96.2
http://coinkbase.com,Suspicious,Suspicious,93.7
http://wallet-ethereum.org,Suspicious,Suspicious,95.6
http://warchain.org,Suspicious,Suspicious,94.9
http://soam.co,Suspicious,Suspicious,94.3
http://paypie.net,Suspicious,Suspicious,95.6
http://xn--bitrex-k17b.com,Suspicious,Suspicious,94.6
http://polkodot.network,Suspicious,Suspicious,93.3
http://stormxtoken.com,Suspicious,Suspicious,93.6
http://stormtoken.site,Suspicious,Suspicious,94.9
http://bittrex.cash,Suspicious,Suspicious,95.3
http://linksmartcontract.com,Suspicious,Suspicious,95.1
http://chainlinksmartcontract.com,Suspicious,Suspicious,93.7
http://bittrex.one,Suspicious,Suspicious,93.1
http://blockstack.one,Suspicious,Suspicious,93.5
http://shape-shift.io,Suspicious,Suspicious,94.2
http://xn--coinbas-pya.com,Suspicious,Suspicious,94.1
http://shapeshlft.com,Suspicious,Suspicious,94.2
http://wabitoken.com,Suspicious,Suspicious,95.6
http://xn--birex-leba.com,Suspicious,Suspicious,93.8
http://sirinlabs.co,Suspicious,Suspicious,95.9
http://wabicoin.co,Suspicious,Suspicious,93.6
http://kittystat.com,Suspicious,Suspicious,94.9
http://singularitynet.info,Suspicious,Suspicious,96.2
http://tenxwallet.co,Suspicious,Suspicious,94.1
http://blnance.org,Suspicious,Suspicious,95.3
http://cashaa.co,Suspicious,Suspicious,95.1
http://cloudpetstore.com,Suspicious,Suspicious,95.2
http://nucleusico.com,Suspicious,Suspicious,93.9
http://xn--bittrx-th8b.com,Suspicious,Suspicious,96.7
http://xn--os-g7s.com,Suspicious,Suspicious,95.6
http://bluzelle.eu,Suspicious,Suspicious,96.2
http://vechain.foundation,Suspicious,Suspicious,94.8
http://tron-wallet.info,Suspicious,Suspicious,93.2
http://sether.ws,Suspicious,Suspicious,96.8
http://telcointoken.com,Suspicious,Suspicious,95.6
http://xn--bttrx-esay.com,Suspicious,Suspicious,96.5
http://xn--bttrex-w8a.com,Suspicious,Suspicious,93.5
http://ledgerwallet.by,Suspicious,Suspicious,95.8
http://play.google.com,Legitimate,Suspicious,94.5
http://aionfoundation.com,Suspicious,Suspicious,95.7
http://nucleus.foundation,Suspicious,Suspicious,95.7
http://myetherwallet.uk.com,Suspicious,Suspicious,96.6
http://xn--bttrx-9za8334c.com,Suspicious,Suspicious,95.7
http://zilliqa.in,Suspicious,Suspicious,95.1
http://docs.google.com,Suspicious,Suspicious,93.2
http://adhive.net,Suspicious,Suspicious,95.6
http://myetherwallet.custom-token.com,Suspicious,Suspicious,95.9
http://dock.so,Suspicious,Suspicious,94.7
http://iconfoundation.co,Suspicious,Suspicious,93.8
http://telcoin.pro,Suspicious,Suspicious,96.2
http://jiocoins.io,Suspicious,Suspicious,94.8
http://ton.fund,Suspicious,Suspicious,95.7
http://polyswarm.co,Suspicious,Suspicious,93.8
http://myetherzero.com,Suspicious,Suspicious,94.8
http://sale-orchid.com,Suspicious,Suspicious,96.6
http://akasha-world.com,Suspicious,Suspicious,93.9
http://forkdelta.io,Suspicious,Suspicious,96.7
http://dfinlty.org,Suspicious,Suspicious,94.6
http://myetherwallet.usermd.net,Suspicious,Suspicious,94.9
http://jsfiddle.net,Suspicious,Suspicious,94.1
http://masanchez.usermd.net,Suspicious,Suspicious,95.8
http://miroskii.com,Suspicious,Suspicious,96.5
http://eth-giveaway-209.statichtmlapp.com,Suspicious,Suspicious,93.9
http://gram.vc,Suspicious,Suspicious,93.7
http://etharscan.io,Suspicious,Suspicious,94.2
http://telegram.one,Suspicious,Suspicious,95.9
http://campaigntoken.blogspot.de,Suspicious,Suspicious,96.6
http://eth-promo.bitballoon.com,Suspicious,Suspicious,94.7
http://celsiuss.network,Suspicious,Suspicious,94.2
http://eth.vg,Suspicious,Suspicious,95.5
http://owainpritchard.co.uk,Suspicious,Suspicious,93.1
http://musk.gift,Suspicious,Suspicious,95.3
http://ethopen.com,Suspicious,Suspicious,94.6
http://eth-transaction.site44.com,Suspicious,Suspicious,94.1
http://coinmakerbot.com,Suspicious,Suspicious,96.7
http://coinnbase.com,Suspicious,Suspicious,94.3
http://wax.community,Suspicious,Suspicious,96.9
http://gmail.com,Suspicious,Suspicious,94.2
http://eth-give.kissr.com,Suspicious,Suspicious,95.5
http://ethpromo.com,Suspicious,Suspicious,93.8
http://giveaway-ethereum.com,Suspicious,Suspicious,95.7
http://authorize.live,Suspicious,Suspicious,95.7
http://eth-trans.bitballoon.com,Suspicious,Suspicious,95.7
http://ether-giveaway.com,Suspicious,Suspicious,95.3
http://etherclaims.byethost8.com,Suspicious,Suspicious,93.5
http://ethereumdrop.org,Suspicious,Suspicious,96.6
http://ethtransaction.unaux.com,Suspicious,Suspicious,93.5
http://ethereum-give.byethost16.com,Suspicious,Suspicious,95.7
http://check-ethpayments1.kissr.com,Suspicious,Suspicious,94.6
http://eos-airdrop.com,Suspicious,Suspicious,95.3
http://localetherwallet.com,Suspicious,Suspicious,93.1
http://ethtransaction.ezyro.com,Suspicious,Suspicious,93.5
http://eth.kissr.com,Suspicious,Suspicious,93.3
http://myetherwalletru.com,Suspicious,Suspicious,94.3
http://eth-drop.com,Suspicious,Suspicious,96.8
http://eth-airdrop.live,Suspicious,Suspicious,95.5
http://eth-today.rf.gd,Suspicious,Suspicious,96.1
http://eth-promo.kissr.com,Suspicious,Suspicious,95.8
http://5000eth.rf.gd,Suspicious,Suspicious,96.1
http://etherclaims.rf.gd,Suspicious,Suspicious,96.7
http://hitlbtc.com,Suspicious,Suspicious,94.1
http://tron-coin.org,Suspicious,Suspicious,96.7
http://ether_promo.kissr.com,Suspicious,Suspicious,96.2
http://telegramsale.com,Suspicious,Suspicious,95.3
http://myrcrypto.com,Suspicious,Suspicious,95.3
http://ethpromo.net,Suspicious,Suspicious,95.2
http://collecteth.com,Suspicious,Suspicious,95.9
http://etherdrops.com,Suspicious,Suspicious,94.1
http://zilliqa.site,Suspicious,Suspicious,96.7
http://myehretewallet.com,Suspicious,Suspicious,94.6
http://bitfinex.eu,Suspicious,Suspicious,94.2
http://ethereum.vu,Suspicious,Suspicious,93.1
http://medium.com,Suspicious,Suspicious,93.3
http://eth-giveaway.co.nf,Suspicious,Suspicious,94.9
http://5000.ethereumgive.com,Suspicious,Suspicious,93.2
http://hederahashgraph.online,Suspicious,Suspicious,94.6
http://ethereumgive.com,Suspicious,Suspicious,94.6
http://hederahashgraph.store,Suspicious,Suspicious,94.8
http://orchidprotocols.com,Suspicious,Suspicious,95.1
http://forkdeltas.com,Suspicious,Suspicious,94.1
http://helpcoinbase.com,Suspicious,Suspicious,95.5
http://coinbtcnews.com,Suspicious,Suspicious,95.6
http://zilliqablockchain.com,Suspicious,Suspicious,93.5
http://rebellios.com,Suspicious,Suspicious,95.6
http://brickblocks.io,Suspicious,Suspicious,95.3
http://quarkchain.de,Suspicious,Suspicious,96.2
http://idexmarkets.com,Suspicious,Suspicious,93.9
http://getmyetho.paperplane.io,Suspicious,Suspicious,93.5
http://privcoin.io,Suspicious,Suspicious,94.7
http://free-eth.paperplane.io,Suspicious,Suspicious,95.1
http://xn--bifinex-fb4c.com,Suspicious,Suspicious,93.9
http://24h.infora.hu,Suspicious,Suspicious,94.5
http://free-eths.paperplane.io,Suspicious,Suspicious,96.9
http://5000-eth.paperplane.io,Suspicious,Suspicious,94.1
http://ethcollection.paperplane.io,Suspicious,Suspicious,96.6
http://tokenairdrop.typeform.com,Suspicious,Suspicious,93.3
http://cryptofaze.com,Suspicious,Suspicious,94.6
http://kann.io,Suspicious,Suspicious,93.9
http://giveaway-ether.com,Suspicious,Suspicious,95.6
http://ebtweinfinance.com,Suspicious,Suspicious,94.8
http://daostack.onuniverse.com,Suspicious,Suspicious,95.1
http://kcucoin.com,Suspicious,Suspicious,96.8
http://bittrex-account-verification.com,Suspicious,Suspicious,95.5
http://hydroraindrop.typeform.com,Suspicious,Suspicious,95.9
http://20000.paperplane.io,Suspicious,Suspicious,93.9
http://now-5000ether.paperplane.io,Suspicious,Suspicious,94.5
http://secure75405732935.safethpay.com,Suspicious,Suspicious,93.8
http://eths.space,Suspicious,Suspicious,94.7
http://eth-free.github.io,Suspicious,Suspicious,93.6
http://ether-give.com,Suspicious,Suspicious,94.6
http://kineticairdrop.typeform.com,Suspicious,Suspicious,95.8
http://elon-gives-eth.paperplane.io,Suspicious,Suspicious,94.3
http://9999eth.com,Suspicious,Suspicious,96.1
http://ethclaimer.byethost32.com,Suspicious,Suspicious,96.2
http://essentialairdrop.typeform.com,Suspicious,Suspicious,93.3
http://geteth.online,Suspicious,Suspicious,95.9
http://etherofficial.com,Suspicious,Suspicious,95.6
http://got-eth.com,Suspicious,Suspicious,96.2
http://ethgiveaway.zkr.kr,Suspicious,Suspicious,93.3
http://myetherwallatt.com,Suspicious,Suspicious,93.8
http://flashblocks.io,Suspicious,Suspicious,93.1
http://promaestros.co.uk,Suspicious,Suspicious,95.6
http://ethereum-pay.com,Suspicious,Suspicious,93.5
http://verifywallet.typeform.com,Suspicious,Suspicious,93.8
http://tron.gg,Suspicious,Suspicious,93.1
http://shr.st,Suspicious,Suspicious,94.7
http://ethc.cc,Suspicious,Suspicious,93.7
http://kinetictokenform.typeform.com,Suspicious,Suspicious,94.5
http://ethfreebie.com,Suspicious,Suspicious,95.5
http://idek.io,Suspicious,Suspicious,94.7
http://etherdrop.org,Suspicious,Suspicious,95.7
http://ethershares.blogspot.nl,Suspicious,Suspicious,94.7
http://etherskan.io,Suspicious,Suspicious,94.8
http://eostoken-eos-io.typeform.com,Suspicious,Suspicious,94.9
http://ethpublic.com,Suspicious,Suspicious,94.3
http://ethgiveaway.io,Suspicious,Suspicious,93.5
http://ethereumgiveaway.typeform.com,Suspicious,Suspicious,96.1
http://falconswap.typeform.com,Suspicious,Suspicious,93.6
http://quarkchain.typeform.com,Suspicious,Suspicious,95.3
http://kycverification.typeform.com,Suspicious,Suspicious,95.9
http://etheroll.io,Suspicious,Suspicious,96.3
http://bahs.edu.tt,Suspicious,Suspicious,93.8
http://ethpubs.com,Suspicious,Suspicious,95.9
http://creteprint-driveways.co.uk,Suspicious,Suspicious,93.8
http://binance-giveaway.com,Suspicious,Suspicious,95.2
http://giveawaypromo.byethost14.com,Suspicious,Suspicious,96.7
http://about.me,Suspicious,Suspicious,96.3
http://originprotocol.typeform.com,Suspicious,Suspicious,94.6
http://giveth.ws,Suspicious,Suspicious,95.5
http://sharekit.io,Suspicious,Suspicious,96.6
http://etherbonus.live,Suspicious,Suspicious,95.8
http://top-ethereum.com,Suspicious,Suspicious,95.2
http://safesteth.com,Suspicious,Suspicious,94.1
http://ethergive.info,Suspicious,Suspicious,94.1
http://keyfundairdrop.typeform.com,Suspicious,Suspicious,93.1
http://airdropform900.typeform.com,Suspicious,Suspicious,95.2
http://suretytoken.com,Suspicious,Suspicious,95.6
http://ethergift.io,Suspicious,Suspicious,94.1
http://e.airdropeos.com,Suspicious,Suspicious,96.9
http://odyssey.center,Suspicious,Suspicious,93.3
http://anatomia.io,Suspicious,Suspicious,96.3
http://anatomiaairdrop.typeform.com,Suspicious,Suspicious,94.5
http://bonus.eth-promo.org,Suspicious,Suspicious,93.5
http://eth-promo.org,Suspicious,Suspicious,96.9
http://telegram.market,Suspicious,Suspicious,94.6
http://ankr-network.com.de,Suspicious,Suspicious,94.3
http://go.ethtake.com,Suspicious,Suspicious,94.3
http://ethtake.com,Suspicious,Suspicious,96.8
http://instagram.com,Suspicious,Suspicious,95.9
http://bitcoinvest.cc,Suspicious,Suspicious,95.3
http://promo.ethtake.com,Suspicious,Suspicious,93.9
http://trx.claims,Suspicious,Suspicious,93.2
http://kinetictokenforms.typeform.com,Suspicious,Suspicious,93.7
http://safe.ethdeliver.com,Suspicious,Suspicious,95.5
http://ethdeliver.com,Suspicious,Suspicious,93.3
http://tokenaway.com,Suspicious,Suspicious,93.6
http://sparkster.com.de,Suspicious,Suspicious,94.1
http://ethmore.net,Suspicious,Suspicious,94.9
http://electrunn.org,Suspicious,Suspicious,96.6
http://riseeth.com,Suspicious,Suspicious,95.8
http://ethofficial.net,Suspicious,Suspicious,96.7
http://plus.google.com,Suspicious,Suspicious,96.6
http://ethonline.io,Suspicious,Suspicious,96.5
http://myethierwallet.com,Suspicious,Suspicious,95.8
http://jenniferaustin.typeform.com,Suspicious,Suspicious,95.2
http://hydrogen-raindrop.bitballoon.com,Suspicious,Suspicious,95.9
http://raindrop11.typeform.com,Suspicious,Suspicious,93.9
http://bitpayng.typeform.com,Suspicious,Suspicious,95.8
http://ethpromoget.com,Suspicious,Suspicious,93.3
http://ocntoken.com,Suspicious,Suspicious,94.8
http://neotracler.co,Suspicious,Suspicious,95.6
http://coinbaise.com,Suspicious,Suspicious,93.8
http://ether-event.com,Suspicious,Suspicious,95.1
http://verify.bonuseth.info,Suspicious,Suspicious,95.1
http://eth-event.com,Suspicious,Suspicious,94.9
http://login-binance.com,Suspicious,Suspicious,96.8
http://okexgiveaway.com,Suspicious,Suspicious,96.3
http://airdrops.promo,Suspicious,Suspicious,94.9
http://binance.claims,Suspicious,Suspicious,93.5
http://eth-transfer.com,Suspicious,Suspicious,94.8
http://btc-binance.com,Suspicious,Suspicious,96.9
http://elon-musk.me,Suspicious,Suspicious,93.9
http://fgcoin.io,Suspicious,Suspicious,96.5
http://john-mcafee.com,Suspicious,Suspicious,96.5
http://ethereum-transfer.com,Suspicious,Suspicious,95.2
http://getether.xyz,Suspicious,Suspicious,93.8
http://bnbnews.org,Suspicious,Suspicious,95.9
http://eth-pro.co.nf,Suspicious,Suspicious,95.3
http://elon-musk.org,Suspicious,Suspicious,94.3
http://tron-gifts.blogspot.com,Suspicious,Suspicious,93.2
http://tron-gift.blogspot.com,Suspicious,Suspicious,94.7
http://app-bittrex.com,Suspicious,Suspicious,95.7
http://etherium.pro,Suspicious,Suspicious,93.8
http://bestpromo.online,Suspicious,Suspicious,96.1
http://musk-share.com,Suspicious,Suspicious,94.8
http://airdrop-eth.net,Suspicious,Suspicious,93.5
http://bestchagne.com,Suspicious,Suspicious,94.3
http://memonero.co,Suspicious,Suspicious,93.8
http://hitbtc.cc,Suspicious,Suspicious,95.5
http://ethfor.blogspot.com,Suspicious,Suspicious,94.6
http://stellarterm.org,Suspicious,Suspicious,93.9
http://binanceethereum.com,Suspicious,Suspicious,95.2
http://google.com.tokensale.ws,Suspicious,Suspicious,94.5
http://official-give-away.tumblr.com,Suspicious,Suspicious,93.1
http://access.ethsupply.com,Suspicious,Suspicious,95.7
http://ethereum-bonus.info,Suspicious,Suspicious,94.7
http://poloni-ex.com,Suspicious,Suspicious,96.6
http://dontmiss.info,Suspicious,Suspicious,94.8
http://airdrops.services,Suspicious,Suspicious,96.6
http://tesla.center,Suspicious,Suspicious,93.9
http://elonmusk.ltd,Suspicious,Suspicious,96.8
http://mailbinance.com,Suspicious,Suspicious,94.7
http://eth24win.co.nf,Legitimate,Suspicious,95.1
http://panemicav2.rf.gd,Suspicious,Suspicious,96.7
http://smart-contract.space,Suspicious,Suspicious,96.1
http://mixdrop.eu,Suspicious,Suspicious,93.7
http://medium.in.net,Suspicious,Suspicious,95.2
http://ethereum4ever.com,Suspicious,Suspicious,94.7
http://giveaway.at.ua,Suspicious,Suspicious,94.1
http://binanceth.net,Suspicious,Suspicious,94.5
http://easydrop.pro,Suspicious,Suspicious,96.6
http://mcafee.coolpage.biz,Suspicious,Suspicious,93.1
http://ubex.us,Suspicious,Suspicious,95.2
http://333eth.io,Suspicious,Suspicious,94.5
http://bitblender.me,Suspicious,Suspicious,93.6
http://4ever.fun,Suspicious,Suspicious,93.1
http://crypto-medium.com,Suspicious,Suspicious,93.8
http://getairdrop.eu,Suspicious,Suspicious,96.5
http://infinitimoney.com,Suspicious,Suspicious,95.8
http://coinshare.xyz,Suspicious,Suspicious,95.7
http://tronics.tech,Suspicious,Suspicious,94.6
http://goodaction.eu,Suspicious,Suspicious,95.5
http://september-bonus.us,Suspicious,Suspicious,95.9
http://getbonus.eu,Suspicious,Suspicious,96.7
http://bigbonus.eu,Suspicious,Suspicious,96.9
http://coinaction.xyz,Suspicious,Suspicious,94.2
http://binance-com-clud.webcindario.com,Suspicious,Suspicious,93.9
http://doubleroi.surge.sh,Suspicious,Suspicious,93.9
http://airdrop.com.de,Suspicious,Suspicious,94.1
http://btcgive.kissr.com,Suspicious,Suspicious,93.1
http://ethgive.kissr.com,Suspicious,Suspicious,96.3
http://binance-giveaway.webcindario.com,Suspicious,Suspicious,94.9
http://cryptopromo.kissr.com,Suspicious,Suspicious,96.9
http://top-deals.pro,Suspicious,Suspicious,96.3
http://cryptopromo.justsharedthis.info,Suspicious,Suspicious,96.1
http://elongift.com,Suspicious,Suspicious,95.8
http://myetherwallet.byethost11.com,Suspicious,Suspicious,93.1
http://coinbase-support.net,Suspicious,Suspicious,94.1
http://okexspecialcampaign.com,Suspicious,Suspicious,93.1
http://youtube.com,Suspicious,Suspicious,95.2
http://teslacoin.space,Suspicious,Suspicious,94.8
http://ethergiffcrypto.webcindario.com,Suspicious,Suspicious,93.7
http://coinbasepromo.webcindario.com,Suspicious,Suspicious,96.1
http://cryptogive.rf.gd,Suspicious,Suspicious,95.9
http://doublecoin.io,Suspicious,Suspicious,96.2
http://bloclkchain.co,Suspicious,Suspicious,93.6
http://bittrex-es.com,Suspicious,Suspicious,95.6
http://security-bittrex.com,Suspicious,Suspicious,93.2
http://etherdelta.ru,Suspicious,Suspicious,96.5
http://etherdesk.co,Suspicious,Suspicious,93.6
http://promo-official.com,Suspicious,Suspicious,95.6
http://bitcointoolmining.com,Suspicious,Suspicious,95.7
http://crypterium.site,Suspicious,Suspicious,94.8
http://jaxx.im,Suspicious,Suspicious,93.7
http://delta.money,Suspicious,Suspicious,95.6
http://etcvwallet.com,Suspicious,Suspicious,96.9
http://doubleinvest.online,Suspicious,Suspicious,93.5
http://ebitservices.com,Suspicious,Suspicious,95.5
http://ethercontest.com,Suspicious,Suspicious,94.5
http://doublebitco.in,Suspicious,Suspicious,93.9
http://cryptogene.net,Suspicious,Suspicious,96.7
http://bizzilion.com,Suspicious,Suspicious,93.7
http://doublebitcoin.io,Suspicious,Suspicious,93.2
http://electrumofficial.com,Suspicious,Suspicious,93.7
http://electrumbase.com,Suspicious,Suspicious,93.7
http://electrumapps.com,Suspicious,Suspicious,93.1
http://enjin.pro,Suspicious,Suspicious,96.2
http://electrumfix.com,Suspicious,Suspicious,96.6
http://vintage-myetherwallet.com,Suspicious,Suspicious,93.7
http://musk.credit,Suspicious,Suspicious,96.7
http://musk.fyi,Suspicious,Suspicious,95.7
http://vintagemyetherwallet.com,Suspicious,Suspicious,94.8
http://musk.center,Suspicious,Suspicious,94.2
http://deltafork.app,Suspicious,Suspicious,93.6
http://azbit.org,Suspicious,Suspicious,94.1
http://wallet.elitetreum.com,Suspicious,Suspicious,94.8
http://cryptoxinvest.com,Suspicious,Suspicious,95.6
http://celer.work,Suspicious,Suspicious,94.3
http://usddex.io,Suspicious,Suspicious,96.2
http://btcldn.com,Suspicious,Suspicious,94.7
http://cryptotis.com,Suspicious,Suspicious,95.3
http://wowx.io,Suspicious,Suspicious,94.8
http://catbot.ru,Suspicious,Suspicious,94.1
http://zilliqablog.com,Suspicious,Suspicious,93.1
http://gdax.us,Suspicious,Suspicious,96.6
http://bitcoin-btc-adder.com,Suspicious,Suspicious,96.5
http://the-spectrumnetwork.com,Suspicious,Suspicious,96.9
http://matic.live,Suspicious,Suspicious,93.8
http://xrp.earth,Suspicious,Suspicious,95.1
http://coinmining.website,Suspicious,Suspicious,96.2
http://idex.pw,Suspicious,Suspicious,93.7
http://chance.services,Suspicious,Suspicious,94.1
http://supermining.website,Suspicious,Suspicious,94.7
http://dogeday.io,Suspicious,Suspicious,94.3
http://tesla3.org,Suspicious,Suspicious,93.1
http://buy7000btc.online,Suspicious,Suspicious,96.2
http://miningbanking.com,Suspicious,Suspicious,94.5
http://xcryptofunds.com,Suspicious,Suspicious,93.9
http://goxtrade.com,Suspicious,Suspicious,93.9
http://elon-spacex.com,Suspicious,Suspicious,96.7
http://tortoken.io,Suspicious,Suspicious,95.2
http://cryptoxglobal.com,Suspicious,Suspicious,96.8
http://dogepay.info,Suspicious,Suspicious,95.8
http://sf520pk.com,Suspicious,Suspicious,93.7
http://binance-trade.com,Suspicious,Suspicious,96.2
http://zilliqa.tech,Suspicious,Suspicious,93.2
http://ecptoken.com,Legitimate,Suspicious,94.2
http://coinbasepro10000.webcindario.com,Suspicious,Suspicious,93.3
http://ethprize.net,Suspicious,Suspicious,95.6
http://eth20.org,Suspicious,Suspicious,96.7
http://ethbuterin.com,Suspicious,Suspicious,96.2
http://hiltbtc.com,Suspicious,Suspicious,95.2
http://binance2.vip,Suspicious,Suspicious,93.3
http://getpromo.me,Suspicious,Suspicious,95.1
http://binance-team.com,Suspicious,Suspicious,95.9
http://btcfast.net,Suspicious,Suspicious,95.1
http://elonmuskcrypto.webcindario.com,Suspicious,Suspicious,95.3
http://eventbinance.com,Suspicious,Suspicious,93.6
http://buterineth.net,Suspicious,Suspicious,95.6
http://100kbtc.com,Suspicious,Suspicious,96.8
http://ethereum4th.org,Suspicious,Suspicious,95.9
http://muskelon547776.webcindario.com,Suspicious,Suspicious,95.8
http://airdrop-crypto.com,Suspicious,Suspicious,95.3
http://coinbasegold.com,Suspicious,Suspicious,96.3
http://forkdelta.id,Suspicious,Suspicious,96.6
http://btc-bonus.com,Suspicious,Suspicious,96.2
http://kucoin.live,Suspicious,Suspicious,96.5
http://b-nance.com,Suspicious,Suspicious,93.3
http://dropcoinbase.com,Suspicious,Suspicious,96.9
http://bit7880.com,Suspicious,Suspicious,95.5
http://bitcoin-address-cracker.bit7880.com,Suspicious,Suspicious,93.1
http://pultegive.com,Suspicious,Suspicious,93.2
http://coinbasegive.com,Suspicious,Suspicious,96.3
http://btc-coinbase.com,Suspicious,Suspicious,93.8
http://wwwelectrum.org,Suspicious,Suspicious,94.1
http://muskgive.com,Suspicious,Suspicious,93.8
http://cryptobridges.com,Suspicious,Suspicious,96.1
http://bitshumb.com,Suspicious,Suspicious,93.8
http://coinbasegiveaway.com,Suspicious,Suspicious,96.5
http://btcandeth.com,Suspicious,Suspicious,94.1
http://blockchailn.biz,Suspicious,Suspicious,95.9
http://libra-coin.cc,Suspicious,Suspicious,96.7
http://trezor.blog,Suspicious,Suspicious,93.2
http://info-dex.com,Suspicious,Suspicious,95.1
http://highcoin.net,Suspicious,Suspicious,96.1
http://coinbascet.com,Suspicious,Suspicious,93.2
http://hyptrade.com,Suspicious,Suspicious,93.8
http://billaxy.com,Suspicious,Suspicious,93.1
http://atlantis-wallet.com,Suspicious,Suspicious,95.3
http://bithumb.live,Suspicious,Suspicious,96.7
http://dogechain.org,Suspicious,Suspicious,93.2
http://exodus.icu,Suspicious,Suspicious,96.1
http://muskbit.com,Suspicious,Suspicious,94.9
http://chainlink.webcindario.com,Suspicious,Suspicious,96.8
http://cryptogrowth.live,Suspicious,Suspicious,96.8
http://btcgen.io,Suspicious,Suspicious,96.5
http://ethereumfreemining.com,Suspicious,Suspicious,95.3
http://claim-btc.com,Suspicious,Suspicious,94.7
http://btc-titan.com,Suspicious,Suspicious,94.3
http://multicoinsminer.fund,Suspicious,Suspicious,94.1
http://coinbaseoffer.com,Suspicious,Suspicious,94.9
http://coinspin.net,Suspicious,Suspicious,93.3
http://uni-pouch.com,Suspicious,Suspicious,93.7
http://hellogold.in,Suspicious,Suspicious,93.5
http://ovdan.com,Suspicious,Suspicious,94.3
http://elonbonus.com,Suspicious,Suspicious,93.1
http://elonmuskgift.com,Suspicious,Suspicious,93.2
http://terezor.io,Suspicious,Suspicious,94.6
http://cyber-tesla.com,Suspicious,Suspicious,94.3
http://crypto-giveaway.com,Suspicious,Suspicious,93.6
http://cryptocloudx.com,Suspicious,Suspicious,93.7
http://ledgre.com,Suspicious,Suspicious,95.3
http://coinbaseup.com,Suspicious,Suspicious,93.9
http://trerzor.io,Suspicious,Suspicious,95.6
http://ledqer.net,Suspicious,Suspicious,96.6
http://btc-on.com,Suspicious,Suspicious,95.8
http://coinbasegrant.com,Suspicious,Suspicious,95.6
http://coinbasec.com,Suspicious,Suspicious,94.1
http://erc-20-token.com,Suspicious,Suspicious,93.5
http://btcfastmining.xyz,Suspicious,Suspicious,94.7
http://stellardrop.com,Suspicious,Suspicious,95.8
http://bitcoinfast.xyz,Suspicious,Suspicious,93.7
http://shitcoinwallet.co,Suspicious,Suspicious,96.8
http://beldexwallet.com,Suspicious,Suspicious,95.1
http://cryptotabscript.com,Suspicious,Suspicious,93.2
http://btc-gen.com,Suspicious,Suspicious,96.7
http://musk.blog,Suspicious,Suspicious,93.3
http://hoxbit.com,Suspicious,Suspicious,94.1
http://infinances.com,Suspicious,Suspicious,96.9
http://muskgiveaway.com,Suspicious,Suspicious,96.7
http://metamask.eu,Suspicious,Suspicious,93.8
http://lrezor.io,Suspicious,Suspicious,96.6
http://muskgift.com,Suspicious,Suspicious,95.7
http://elon.live,Suspicious,Suspicious,94.7
http://musk.bet,Suspicious,Suspicious,96.2
http://infinivi.io,Suspicious,Suspicious,93.9
http://bytetrade.com,Suspicious,Suspicious,94.8
http://bytetrade.io,Suspicious,Suspicious,93.5
http://mybsvwallet.org,Suspicious,Suspicious,96.5
http://jaxx.ws,Suspicious,Suspicious,94.1
http://metalfabpro.com,Suspicious,Suspicious,96.9
http://droptesla.com,Suspicious,Suspicious,95.1
http://elonmusk.world,Suspicious,Suspicious,93.7
http://nexus-crypto.com,Suspicious,Suspicious,94.2
http://elonmusk.bet,Suspicious,Suspicious,94.2
http://elonlive.com,Suspicious,Suspicious,95.8
http://300dollarsdaily.com,Suspicious,Suspicious,95.7
http://4musk.top,Suspicious,Suspicious,95.7
http://muskbtc.net,Suspicious,Suspicious,96.2
http://cnipmixer.com,Legitimate,Suspicious,93.8
http://muskgiving.com,Suspicious,Suspicious,95.3
http://bitcoinelon.com,Suspicious,Suspicious,94.6
http://bitcoingenerat.online,Suspicious,Suspicious,95.6
http://btc-to-qr.com,Suspicious,Suspicious,93.9
http://bitcoin-transaction-accelerator.com,Suspicious,Suspicious,96.7
http://transaction-accelerator.com,Suspicious,Suspicious,95.1
http://bitcoin-tx-transaction-accelerator.com,Suspicious,Suspicious,93.7
http://binanceprofit.com,Suspicious,Suspicious,95.6
http://bitcoins-qr-code.com,Suspicious,Suspicious,93.6
http://create-bitcoin-qr-code.com,Suspicious,Suspicious,95.6
http://gatesfree.com,Suspicious,Suspicious,96.5
http://spacex.world,Suspicious,Suspicious,93.1
http://feex.exchange,Suspicious,Suspicious,93.6
http://doubleway.rf.gd,Suspicious,Suspicious,95.2
http://wallet.trczor.com,Suspicious,Suspicious,93.7
http://ethairdrops.com,Suspicious,Suspicious,95.6
http://ungleder.no,Suspicious,Suspicious,93.8
http://tifbit.com,Suspicious,Suspicious,96.1
http://trust-wallet.me,Suspicious,Suspicious,93.7
http://ethventure.com,Suspicious,Suspicious,94.2
http://leakedbitcoin.excelerate.co.nz,Suspicious,Suspicious,96.7
http://spacexgiveaway.com,Suspicious,Suspicious,95.6
http://piutrade.com,Suspicious,Suspicious,96.2
http://meta-mask.io,Suspicious,Suspicious,94.7
http://spacexcash.com,Suspicious,Suspicious,93.6
http://tesla.bz,Suspicious,Suspicious,94.7
http://myxrp.org,Suspicious,Suspicious,93.2
http://omisego.info,Suspicious,Suspicious,96.6
http://simpleswap.org,Suspicious,Suspicious,93.2
http://quickbtcminer.com,Suspicious,Suspicious,94.6
http://teslagain.com,Suspicious,Suspicious,95.6
http://portal.fulcrum.network,Suspicious,Suspicious,95.5
http://coinanytime.com,Suspicious,Suspicious,93.1
http://fixxcoin.com,Suspicious,Suspicious,93.3
http://elonmuskdrop.com,Suspicious,Suspicious,96.3
http://muskbtc.us,Suspicious,Suspicious,93.3
http://coinphant.com,Suspicious,Suspicious,96.2
http://growbitcoin.co.uk,Suspicious,Suspicious,94.6
http://expwallet.net,Suspicious,Suspicious,96.9
http://xn--stelar-6db.org,Suspicious,Suspicious,95.2
http://0101.systems,Suspicious,Suspicious,94.3
http://guadra.com,Suspicious,Suspicious,93.8
http://crypto-trust.co,Suspicious,Suspicious,93.2
http://notall.eshost.com.ar,Suspicious,Suspicious,96.8
http://avaxweb.typeform.com,Suspicious,Suspicious,95.1
http://elonx.co,Suspicious,Suspicious,93.6
http://cryptotabhack.com,Suspicious,Suspicious,95.2
http://umiwallet.com,Suspicious,Suspicious,93.3
http://thetatoen.org,Suspicious,Suspicious,93.1
http://thetatoke.org,Suspicious,Suspicious,93.9
http://event-eth.info,Suspicious,Suspicious,94.8
http://fundsretrieve.com,Suspicious,Suspicious,95.8
http://ethermoneymachine.com,Suspicious,Suspicious,93.3
http://uniswapv3.org,Suspicious,Suspicious,95.5
http://ethfree.info,Suspicious,Suspicious,95.6
http://eth-info.org,Suspicious,Suspicious,94.8
http://cardanoevent.com,Suspicious,Suspicious,95.6
http://event-ada.info,Suspicious,Suspicious,94.5
http://eth-free.com,Suspicious,Suspicious,94.6
http://cardano-ada.info,Suspicious,Suspicious,95.7
http://smartcontractbiz.com,Suspicious,Suspicious,95.7
http://im-creator.com,Suspicious,Suspicious,96.5
http://uniswapexchange.online,Suspicious,Suspicious,95.5
http://cryptoforhealth.com,Suspicious,Suspicious,96.7
http://fundusdt.com,Suspicious,Suspicious,93.9
http://frezor.us,Suspicious,Suspicious,94.9
http://cryptominer.tel,Suspicious,Suspicious,95.7
http://unionfinance.org,Suspicious,Suspicious,94.2
http://basbit.com,Suspicious,Suspicious,93.9
http://digiminer.io,Suspicious,Suspicious,93.9
http://muskx.co,Suspicious,Suspicious,94.1
http://multiminer.website,Suspicious,Suspicious,94.3
http://unisvvap.org,Suspicious,Suspicious,95.5
http://social-capital.us,Suspicious,Suspicious,93.1
http://ethereum.ltda,Suspicious,Suspicious,93.7
http://elonmusk.capital,Suspicious,Suspicious,96.2
http://bitfurytrade.com,Suspicious,Suspicious,93.1
http://cryptoiqoptions.com,Suspicious,Suspicious,94.1
http://fxpectcrypt.com,Suspicious,Suspicious,94.3
http://check-ledger.com,Suspicious,Suspicious,94.3
http://xrp-event.com,Suspicious,Suspicious,93.8
http://tesla3-bonus.com,Suspicious,Suspicious,95.1
http://dashcoinminer.space,Suspicious,Suspicious,95.6
http://btcminer.website,Suspicious,Suspicious,96.5
http://morphtoken.co,Suspicious,Suspicious,94.5
http://supportbnb.com,Suspicious,Suspicious,94.1
http://atomicwllet.io,Suspicious,Suspicious,94.2
http://ledger.com.de,Suspicious,Suspicious,94.8
http://ethez.com,Suspicious,Suspicious,96.9
http://ethoy.com,Suspicious,Suspicious,96.6
http://ethfc.com,Suspicious,Suspicious,96.7
http://sushiswap.blogspot.com,Suspicious,Suspicious,96.8
http://diubit.com,Suspicious,Suspicious,95.6
http://unidrop.org,Suspicious,Suspicious,94.9
http://vifbit.com,Suspicious,Suspicious,96.1
http://rifbit.com,Suspicious,Suspicious,95.6
http://accountviewer.stellar.org.za,Suspicious,Suspicious,96.8
http://trustwallet.in,Suspicious,Suspicious,93.6
http://uniswap-claim.com,Suspicious,Suspicious,96.9
http://ryebit.com,Suspicious,Suspicious,94.9
http://xrpceo.com,Suspicious,Suspicious,96.5
http://metamaskwallet.io,Suspicious,Suspicious,95.3
http://bithau.com,Suspicious,Suspicious,96.1
http://uniswap.bid,Suspicious,Suspicious,94.2
http://claimuni.com,Suspicious,Suspicious,94.2
http://eth-found.live,Suspicious,Suspicious,95.6
http://tokenpocket-pro.web.app,Suspicious,Suspicious,96.2
http://metabrowser.org,Suspicious,Suspicious,93.6
http://coinvoz.com,Suspicious,Suspicious,96.6
http://coinroz.com,Suspicious,Suspicious,95.1
http://wozbit.com,Suspicious,Suspicious,94.8
http://onkbit.com,Suspicious,Suspicious,93.8
http://profit-booster.xyz,Suspicious,Suspicious,93.8
http://celiswap.com,Suspicious,Suspicious,94.7
http://curves.fi,Suspicious,Suspicious,94.3
http://zillet.net,Suspicious,Suspicious,94.3
http://aaveapp.com,Suspicious,Suspicious,96.9
http://xn--stelar-ycb.org,Suspicious,Suspicious,93.6
http://ledgerlive.io,Suspicious,Suspicious,93.5
http://metamaskapp.com,Suspicious,Suspicious,95.2
http://lumiwalle.com,Suspicious,Suspicious,94.1
http://ripple.com.so,Suspicious,Suspicious,96.5
http://live-spacex.com,Suspicious,Suspicious,96.5
http://metamaskweb.com,Suspicious,Suspicious,96.5
http://walletconnect.info,Suspicious,Suspicious,93.6
http://live-tesla.com,Suspicious,Suspicious,93.5
http://ethgives.com,Suspicious,Suspicious,95.6
http://wallet-connect.org,Suspicious,Suspicious,96.2
http://ethereum-mixer.com,Suspicious,Suspicious,95.3
http://thetamaintoken.online,Suspicious,Suspicious,93.3
http://ethereums-mixer.com,Suspicious,Suspicious,96.7
http://info-uniswap.org,Suspicious,Suspicious,96.1
http://shadebit.com,Suspicious,Suspicious,94.1
http://geminibonus.us,Suspicious,Suspicious,95.7
http://cardanogift.us,Suspicious,Suspicious,94.1
http://binexor.com,Suspicious,Suspicious,93.5
http://elon-bonus.org,Suspicious,Suspicious,94.9
http://xn--ave-sgz.com,Suspicious,Suspicious,95.9
http://opexchange24.com,Suspicious,Suspicious,96.2
http://cryptorevoltpro.com,Suspicious,Suspicious,95.3
http://the-bitcoin-benefit-pro.com,Suspicious,Suspicious,94.2
http://thebitqtapp.com,Suspicious,Suspicious,93.6
http://the-cryptocode-pro.com,Suspicious,Suspicious,96.8
http://the-dubailifestyle-pro.com,Suspicious,Suspicious,95.8
http://bitcoin-revivalpro.com,Suspicious,Suspicious,96.7
http://bitcoincircuitnow.com,Suspicious,Suspicious,94.8
http://crypto-genisus.com,Suspicious,Suspicious,95.6
http://bitcoincash-grab.com,Suspicious,Suspicious,96.6
http://the-bitcoin-millionaire.com,Suspicious,Suspicious,96.6
http://the-cryptosoft-pro.com,Suspicious,Suspicious,95.3
http://the-ai-stock-profit-pro.com,Suspicious,Suspicious,94.6
http://bitcoin-billionaire-pro.com,Suspicious,Suspicious,93.1
http://the-bitcoin-optimizer-pro.com,Suspicious,Suspicious,96.6
http://the-crypto-nationapp.com,Suspicious,Suspicious,95.6
http://the-crypt-ex-pro.com,Suspicious,Suspicious,94.5
http://the-bitcoin-futureapp.com,Suspicious,Suspicious,94.6
http://the-bitcoin-supreme.com,Suspicious,Suspicious,93.8
http://bitcointrader.ai,Suspicious,Suspicious,93.7
http://the-cryptogenius-pro.com,Suspicious,Suspicious,94.2
http://firstfxoption.com,Suspicious,Suspicious,96.6
http://bitprofx.com,Suspicious,Suspicious,93.3
http://bitcoin-evolutionpro.com,Suspicious,Suspicious,96.8
http://bitcoinscodepro.com,Suspicious,Suspicious,95.2
http://bitcoineranew.com,Suspicious,Suspicious,94.8
http://btcgen.cc,Suspicious,Suspicious,94.7
http://metamask.in.net,Suspicious,Suspicious,93.9
http://elontrust.com,Suspicious,Suspicious,96.2
http://uniwsap.com,Suspicious,Suspicious,93.5
http://elondonate.com,Suspicious,Suspicious,93.9
http://musk-givebtc.s3.eu-west-3.amazonaws.com,Suspicious,Suspicious,93.8
http://bluproducts.com,Suspicious,Suspicious,94.6
http://uni-project.org,Suspicious,Suspicious,93.5
http://fxopel.com,Suspicious,Suspicious,94.2
http://curvefi.us,Suspicious,Suspicious,96.9
http://zilliqa.pro,Suspicious,Suspicious,93.3
http://bchnwallet.org,Suspicious,Suspicious,95.6
http://emusk24.top,Suspicious,Suspicious,96.3
http://getbtc.one,Suspicious,Suspicious,95.8
http://konomi.io,Suspicious,Suspicious,95.1
http://musk.info,Suspicious,Suspicious,95.8
http://oferonrain.web.app,Suspicious,Suspicious,96.5
http://teslacrypto.top,Suspicious,Suspicious,94.6
http://elonevent.org,Suspicious,Suspicious,93.9
http://airdropstart.com,Suspicious,Suspicious,93.7
http://cryptoebit.com,Suspicious,Suspicious,93.8
http://walletsconnection.com,Suspicious,Suspicious,96.6
http://streamearnings.online,Suspicious,Suspicious,96.1
http://tricoinx.com,Suspicious,Suspicious,96.8
http://royalcrypto247.com,Suspicious,Suspicious,94.9
http://buxcoins.com,Suspicious,Suspicious,93.6
http://ledgerlive.io,Suspicious,Suspicious,95.9
http://metamaskapp.com,Suspicious,Suspicious,95.7
http://lumiwalle.com,Suspicious,Suspicious,93.2
http://ripple.com.so,Suspicious,Suspicious,96.5
http://live-spacex.com,Suspicious,Suspicious,93.8
http://metamaskweb.com,Suspicious,Suspicious,95.5
http://walletconnect.info,Suspicious,Suspicious,94.1
http://ethgives.com,Suspicious,Suspicious,93.2
http://wallet-connect.org,Suspicious,Suspicious,93.7
http://ethereum-mixer.com,Suspicious,Suspicious,94.3
http://thetamaintoken.online,Suspicious,Suspicious,95.9
http://ethereums-mixer.com,Suspicious,Suspicious,95.8
http://info-uniswap.org,Suspicious,Suspicious,93.6
http://geminibonus.us,Suspicious,Suspicious,94.8
http://cardanogift.us,Suspicious,Suspicious,93.2
http://binexor.com,Suspicious,Suspicious,93.7
http://elon-bonus.org,Suspicious,Suspicious,93.7
http://xn--ave-sgz.com,Suspicious,Suspicious,95.6
http://opexchange24.com,Suspicious,Suspicious,93.9
http://wsbcap.com,Suspicious,Suspicious,93.9
http://cryptorevoltpro.com,Suspicious,Suspicious,93.3
http://the-bitcoin-benefit-pro.com,Suspicious,Suspicious,96.9
http://thebitqtapp.com,Suspicious,Suspicious,94.6
http://the-cryptocode-pro.com,Suspicious,Suspicious,93.7
http://the-dubailifestyle-pro.com,Suspicious,Suspicious,93.6
http://bitcoin-revivalpro.com,Suspicious,Suspicious,95.5
http://bitcoincircuitnow.com,Suspicious,Suspicious,95.7
http://crypto-genisus.com,Suspicious,Suspicious,96.2
http://bitcoincash-grab.com,Suspicious,Suspicious,96.5
http://the-bitcoin-millionaire.com,Suspicious,Suspicious,96.1
http://the-cryptosoft-pro.com,Suspicious,Suspicious,96.7
http://the-ai-stock-profit-pro.com,Suspicious,Suspicious,94.8
http://bitcoin-billionaire-pro.com,Suspicious,Suspicious,95.2
http://the-bitcoin-optimizer-pro.com,Suspicious,Suspicious,94.2
http://the-crypto-nationapp.com,Suspicious,Suspicious,93.1
http://the-crypt-ex-pro.com,Suspicious,Suspicious,93.3
http://the-bitcoin-futureapp.com,Suspicious,Suspicious,93.1
http://the-bitcoin-supreme.com,Suspicious,Suspicious,96.1
http://bitcointrader.ai,Suspicious,Suspicious,93.5
http://the-cryptogenius-pro.com,Suspicious,Suspicious,93.8
http://firstfxoption.com,Suspicious,Suspicious,95.1
http://bitprofx.com,Suspicious,Suspicious,93.2
http://bitcoin-evolutionpro.com,Suspicious,Suspicious,95.7
http://bitcoinscodepro.com,Suspicious,Suspicious,93.3
http://bitcoineranew.com,Suspicious,Suspicious,93.3
http://btcgen.cc,Suspicious,Suspicious,93.5
http://metamask.in.net,Legitimate,Suspicious,95.1
http://elontrust.com,Suspicious,Suspicious,96.7
http://uniwsap.com,Suspicious,Suspicious,93.2
http://elondonate.com,Suspicious,Suspicious,96.7
http://musk-givebtc.s3.eu-west-3.amazonaws.com,Suspicious,Suspicious,93.5
http://bluproducts.com,Suspicious,Suspicious,96.1
http://uni-project.org,Suspicious,Suspicious,94.1
http://fxopel.com,Suspicious,Suspicious,93.8
http://fbc-limited.com,Suspicious,Suspicious,94.2
http://curvefi.us,Suspicious,Suspicious,94.3